;Unnamed: 0;full_name;party;twitter;username
0;0;Sanae Abdi; SPD;https://twitter.com/abdisanae'];abdisanae
1;1;Valentin Abel; FDP;['https://twitter.com/Valentin_C_Abel'];Valentin_C_Abel
2;2;Knut Abraham; CDU/CSU;[];NA
3;3;Katja Adler; FDP;['https://twitter.com/katjadler'];katjadler
4;4;Stephanie Aeffner; Bündnis 90/Die Grünen;['https://twitter.com/s_aeffner'];s_aeffner
5;5;Adis Ahmetovic; SPD;[];NA
6;6;Gökay Akbulut; Die Linke;['https://twitter.com/akbulutgokay?lang=de'];akbulutgokay
7;7;Ali Al-Dailami; Die Linke;[];NA
8;8;Muhanad Al-Halak; FDP;['https://mobile.twitter.com/halakmuhanad'];halakmuhanad
9;9;Reem Alabali-Radovan; SPD;['https://twitter.com/ReemAlabali'];ReemAlabali
10;10;Stephan Albani; CDU/CSU;[];NA
11;11;Renata Alt; FDP;['https://twitter.com/RenataAlt_MdB'];RenataAlt_MdB
12;12;Norbert Maria Altenkamp; CDU/CSU;['https://twitter.com/NAltenkamp'];NAltenkamp
13;13;Philipp Amthor; CDU/CSU;[];NA
14;14;Luise Amtsberg; Bündnis 90/Die Grünen;[];NA
15;15;Dagmar Andres; SPD;['https://twitter.com/DagmarAndres'];DagmarAndres
16;16;Niels Annen; SPD;['https://twitter.com/NielsAnnen'];NielsAnnen
17;17;Johannes Arlt; SPD;['http://twitter.com/arlt_johannes'];arlt_johannes
18;18;Christine Aschenberg-Dugnus; FDP;['https://twitter.com/cad59?lang=de'];cad59
19;19;Andreas Audretsch; Bündnis 90/Die Grünen;['https://twitter.com/anaudretsch'];anaudretsch
20;20;Artur Auernhammer; CDU/CSU;[];NA
21;21;Peter Aumer; CDU/CSU;[];NA
22;22;Maik Außendorf; Bündnis 90/Die Grünen;['https://twitter.com/maik_aussendorf'];maik_aussendorf
23;23;Tobias Bacherle; Bündnis 90/Die Grünen;['https://twitter.com/tbbacherle'];tbbacherle
24;24;Carolin Bachmann; AfD;[];NA
25;25;Lisa Badum; Bündnis 90/Die Grünen;['https://twitter.com/badulrichmartha'];badulrichmartha
26;26;Heike Baehrens; SPD;[];NA
27;27;Dorothee Bär; CDU/CSU;[];NA
28;28;Karl Bär; Bündnis 90/Die Grünen;['https://twitter.com/karlbaer'];karlbaer
29;29;Annalena Baerbock; Bündnis 90/Die Grünen;['https://www.twitter.com/@Abaerbock'];@Abaerbock
30;30;Ulrike Bahr; SPD;[];NA
31;31;Daniel Baldy; SPD;['http://twitter.com/baldy_daniel'];baldy_daniel
32;32;Felix Banaszak; Bündnis 90/Die Grünen;['https://www.twitter.com/fbanaszak'];fbanaszak
33;33;Nezahat Baradari; SPD;[];NA
34;34;Thomas Bareiß; CDU/CSU;['https://twitter.com/Thomas_Bareiss?ref_src=twsrc%5Egoogle%7Ctwcamp%5Eserp%7Ctwgr%5Eauthor'];Thomas_Bareiss
35;35;Sören Bartol; SPD;[];NA
36;36;Dr. Dietmar Bartsch; Die Linke;['http://www.twitter.com/DietmarBartsch'];DietmarBartsch
37;37;Alexander Bartz; SPD;[];NA
38;38;Bärbel Bas; SPD;['https://twitter.com/baerbelbas'];baerbelbas
39;39;Nicole Bauer; FDP;['http://www.twitter.com/nicole_ae_bauer'];nicole_ae_bauer
40;40;Dr. Christina Baum; AfD;['https://twitter.com/DrChristinaBaum'];DrChristinaBaum
41;41;Dr. Bernd Baumann; AfD;['https://twitter.com/BerndBaumannAfD'];BerndBaumannAfD
42;42;Canan Bayram; Bündnis 90/Die Grünen;['https://twitter.com/LieblingXhain'];LieblingXhain
43;43;Katharina Beck; Bündnis 90/Die Grünen;['https://twitter.com/kathabeck'];kathabeck
44;44;Roger Beckamp; AfD;['https://twitter.com/RogerBeckamp'];RogerBeckamp
45;45;Dr. Holger Becker; SPD;[];NA
46;46;Jens Beeck; FDP;['https://twitter.com/jensbeeck'];jensbeeck
47;47;Lukas Benner; Bündnis 90/Die Grünen;['https://twitter.com/LukasBenner_'];LukasBenner_
48;48;Jürgen Berghahn; SPD;[];NA
49;49;Dr. André Berghegger; CDU/CSU;[];NA
50;50;Bengt Bergt; SPD;['http://twitter.com/Bengtbergt'];Bengtbergt
51;51;Marc Bernhard; AfD;['https://twitter.com/MarcBernhardAfD'];MarcBernhardAfD
52;52;Peter Beyer; CDU/CSU;['https://twitter.com/Peter_Beyer'];Peter_Beyer
53;53;Marc Biadacz; CDU/CSU;['https://twitter.com/MBiadaczMdB'];MBiadaczMdB
54;54;Steffen Bilger; CDU/CSU;['https://twitter.com/steffenbilger'];steffenbilger
55;55;Matthias W. Birkwald; Die Linke;['https://twitter.com/MWBirkwald'];MWBirkwald
56;56;Jakob Blankenburg; SPD;['https://twitter.com/jakobbla'];jakobbla
57;57;Andreas Bleck; AfD;['https://twitter.com/AndreasBleckMdB'];AndreasBleckMdB
58;58;René Bochmann; AfD;[];NA
59;59;Ingo Bodtke; FDP;['http://twitter.com/IngoBodtke'];IngoBodtke
60;60;Peter Boehringer; AfD;['https://twitter.com/PeterBoehringer'];PeterBoehringer
61;61;Friedhelm Boginski; FDP;['https://twitter.com/f_boginski'];f_boginski
62;62;Gereon Bollmann; AfD;[];NA
63;63;Simone Borchardt; CDU/CSU;[];NA
64;64;Michael Brand (Fulda); CDU/CSU;[];NA
65;65;Dr. Jens Brandenburg (Rhein-Neckar); FDP;['https://twitter.com/JBrandenburgFDP'];JBrandenburgFDP
66;66;Mario Brandenburg (Südpfalz); FDP;['https://twitter.com/brafdp'];brafdp
67;67;Dirk Brandes; AfD;[];NA
68;68;Dr. Reinhard Brandl; CDU/CSU;['https://www.twitter.com/reinhardbrandl'];reinhardbrandl
69;69;Stephan Brandner; AfD;['http://www.twitter.com/stbrandner'];stbrandner
70;70;Dr. Franziska Brantner; Bündnis 90/Die Grünen;['https://twitter.com/fbrantner?lang=de'];fbrantner
71;71;Prof. Dr. Helge Braun; CDU/CSU;['https://twitter.com/HBraun'];HBraun
72;72;Jürgen Braun; AfD;['https://twitter.com/JuergenBraunAfD'];JuergenBraunAfD
73;73;Silvia Breher; CDU/CSU;[];NA
74;74;Sebastian Brehm; CDU/CSU;['https://twitter.com/Brehm_inNBGNord'];Brehm_inNBGNord
75;75;Heike Brehmer; CDU/CSU;['https://twitter.com/HeikeBrehmerMdB'];HeikeBrehmerMdB
76;76;Michael Breilmann; CDU/CSU;[];NA
77;77;Leni Breymaier; SPD;['https://twitter.com/lenibreymaier'];lenibreymaier
78;78;Ralph Brinkhaus; CDU/CSU;['http://www.twitter.com/rbrinkhaus'];rbrinkhaus
79;79;Dr. Carsten Brodesser; CDU/CSU;[];NA
80;80;Dr. Marlon Bröhr; CDU/CSU;[];NA
81;81;Agnieszka Brugger; Bündnis 90/Die Grünen;['http://www.twitter.com/agnieszka_mdb'];agnieszka_mdb
82;82;Frank Bsirske; Bündnis 90/Die Grünen;['https://twitter.com/fbsirske'];fbsirske
83;83;Sandra Bubendorfer-Licht; FDP;[];NA
84;84;Katrin Budde; SPD;[];NA
85;85;Marcus Bühl; AfD;['https://twitter.com/Marcus_Buehl'];Marcus_Buehl
86;86;Clara Bünger; Die Linke;['https://www.twitter.com/C_AB_'];C_AB_
87;87;Yannick Bury; CDU/CSU;['https://twitter.com/yannickbury?lang=de'];yannickbury
88;88;Dr. Marco Buschmann; FDP;['https://twitter.com/MarcoBuschmann'];MarcoBuschmann
89;89;Karlheinz Busen; FDP;[];NA
90;90;Petr Bystron; AfD;['https://twitter.com/PetrBystronAfD'];PetrBystronAfD
91;91;Isabel Cademartori; SPD;['https://twitter.com/isacademartori'];isacademartori
92;92;Prof. Dr. Lars Castellucci; SPD;['http://twitter.com/larscastellucci'];larscastellucci
93;93;Dr. Anna Christmann; Bündnis 90/Die Grünen;['https://twitter.com/annachristmann?lang=de'];annachristmann
94;94;Tino Chrupalla; AfD;['https://twitter.com/Tino_Chrupalla'];Tino_Chrupalla
95;95;Gitta Connemann; CDU/CSU;[];NA
96;96;Jürgen Coße; SPD;['https://twitter.com/juergencosse'];juergencosse
97;97;Joana Cotar; fraktionslos;['http://www.twitter.com/JoanaCotar'];JoanaCotar
98;98;Carl-Julius Cronenberg; FDP;['https://twitter.com/cjcronenberg'];cjcronenberg
99;99;Dr. Gottfried Curio; AfD;['https://twitter.com/GottfriedCurio'];GottfriedCurio
100;100;Mario Czaja; CDU/CSU;['https://twitter.com/MarioCzaja'];MarioCzaja
101;101;Dr. Janosch Dahmen; Bündnis 90/Die Grünen;['https://twitter.com/janoschdahmen'];janoschdahmen
102;102;Bernhard Daldrup; SPD;['https://twitter.com/BernhardDaldrup'];BernhardDaldrup
103;103;Astrid Damerow; CDU/CSU;[];NA
104;104;Sevim Dağdelen; Die Linke;['https://twitter.com/SevimDagdelen'];SevimDagdelen
105;105;Dr. Daniela De Ridder; SPD;['https://twitter.com/deridder_mdb?lang=de'];deridder_mdb
106;106;Ekin Deligöz; Bündnis 90/Die Grünen;['https://twitter.com/ekindeligoez'];ekindeligoez
107;107;Hakan Demir; SPD;['https://twitter.com/HakanDemirNK'];HakanDemirNK
108;108;Dr. Sandra Detzer; Bündnis 90/Die Grünen;['https://twitter.com/detzer_sandra'];detzer_sandra
109;109;Dr. Karamba Diaby; SPD;['https://twitter.com/KarambaDiaby'];KarambaDiaby
110;110;Martin Diedenhofen; SPD;['https://twitter.com/MDiedenhofen'];MDiedenhofen
111;111;Jan Dieren; SPD;['https://twitter.com/JanUlrichDieren'];JanUlrichDieren
112;112;Thomas Dietz; AfD;[];NA
113;113;Esther Dilcher; SPD;[];NA
114;114;Sabine Dittmar; SPD;['https://twitter.com/dittmarsabine'];dittmarsabine
115;115;Bijan Djir-Sarai; FDP;['https://twitter.com/DjirSarai'];DjirSarai
116;116;Alexander Dobrindt; CDU/CSU;[];NA
117;117;Felix Döring; SPD;[];NA
118;118;Anke Domscheit-Berg; Die Linke;['https://twitter.com/anked'];anked
119;119;Michael Donth; CDU/CSU;[];NA
120;120;Katharina Dröge; Bündnis 90/Die Grünen;['https://www.twitter.com/katdro'];katdro
121;121;Falko Droßmann; SPD;[];NA
122;122;Deborah Düring; Bündnis 90/Die Grünen;['https://twitter.com/deborahduering?lang=de'];deborahduering
123;123;Christian Dürr; FDP;['https://twitter.com/christianduerr'];christianduerr
124;124;Hansjörg Durz; CDU/CSU;[];NA
125;125;Harald Ebner; Bündnis 90/Die Grünen;[];NA
126;126;Axel Echeverria; SPD;[];NA
127;127;Leon Eckert; Bündnis 90/Die Grünen;['https://twitter.com/Leckert_'];Leckert_
128;128;Ralph Edelhäußer; CDU/CSU;[];NA
129;129;Thomas Ehrhorn; AfD;[];NA
130;130;Sonja Eichwede; SPD;['https://twitter.com/sonjaeichwede'];sonjaeichwede
131;131;Marcel Emmerich; Bündnis 90/Die Grünen;['http://www.twitter.com/herr_emmerich'];herr_emmerich
132;132;Alexander Engelhard; CDU/CSU;[];NA
133;133;Heike Engelhardt; SPD;[];NA
134;134;Martina Englhardt-Kopf; CDU/CSU;[];NA
135;135;Thomas Erndl; CDU/CSU;['https://twitter.com/TErndl'];TErndl
136;136;Klaus Ernst; Die Linke;['https://twitter.com/ernst_klaus'];ernst_klaus
137;137;Dr. Wiebke Esdar; SPD;[];NA
138;138;Saskia Esken; SPD;['http://www.twitter.com/EskenSaskia'];EskenSaskia
139;139;Dr. Michael Espendiller; AfD;['https://twitter.com/EspendillerM?lang=de'];EspendillerM
140;140;Dr. Marcus Faber; FDP;['https://twitter.com/marcusfaber'];marcusfaber
141;141;Hermann Färber; CDU/CSU;[];NA
142;142;Ariane Fäscher; SPD;['https://twitter.com/arianefaescher?lang=de'];arianefaescher
143;143;Yasmin Fahimi; SPD;['https://twitter.com/FahimiYasmin'];FahimiYasmin
144;144;Robert Farle; fraktionslos;['https://twitter.com/robert_farle'];robert_farle
145;145;Dr. Johannes Fechner; SPD;[];NA
146;146;Uwe Feiler; CDU/CSU;[];NA
147;147;Peter Felser; AfD;[];NA
148;148;Enak Ferlemann; CDU/CSU;[];NA
149;149;Susanne Ferschl; Die Linke;['https://twitter.com/SusanneFerschl'];SusanneFerschl
150;150;Emilia Fester; Bündnis 90/Die Grünen;['https://twitter.com/emiliafester'];emiliafester
151;151;Sebastian Fiedler; SPD;['https://twitter.com/fiedelseb'];fiedelseb
152;152;Daniel Föst; FDP;['https://twitter.com/dfoest?lang=de'];dfoest
153;153;Dr. Edgar Franke; SPD;['https://twitter.com/FrankeEdgar'];FrankeEdgar
154;154;Thorsten Frei; CDU/CSU;['https://twitter.com/thorsten_frei'];thorsten_frei
155;155;Otto Fricke; FDP;['https://twitter.com/Otto_Fricke'];Otto_Fricke
156;156;Dietmar Friedhoff; AfD;[];NA
157;157;Dr. Hans-Peter Friedrich (Hof); CDU/CSU;[];NA
158;158;Michael Frieser; CDU/CSU;['https://twitter.com/MichaelFrieser'];MichaelFrieser
159;159;Dr. Götz Frömming; AfD;['https://twitter.com/gtzfrmming?lang=de'];gtzfrmming
160;160;Markus Frohnmaier; AfD;[];NA
161;161;Fabian Funke; SPD;[];NA
162;162;Maximilian Funke-Kaiser; FDP;['https://twitter.com/max_fksr'];max_fksr
163;163;Ingo Gädechens; CDU/CSU;['http://www.twitter.com/gadechens'];gadechens
164;164;Schahina Gambir; Bündnis 90/Die Grünen;['https://twitter.com/schahinag'];schahinag
165;165;Tessa Ganserer; Bündnis 90/Die Grünen;['https://twitter.com/GansGruen'];GansGruen
166;166;Martin Gassner-Herz; FDP;['https://twitter.com/MartinGassner'];MartinGassner
167;167;Matthias Gastel; Bündnis 90/Die Grünen;['https://twitter.com/MatthiasGastel'];MatthiasGastel
168;168;Dr. Alexander Gauland; AfD;[];NA
169;169;Manuel Gava; SPD;[];NA
170;170;Dr. Thomas Gebhart; CDU/CSU;['https://twitter.com/thomasgebhart'];thomasgebhart
171;171;Kai Gehring; Bündnis 90/Die Grünen;['http://www.twitter.com/KaiGehring'];KaiGehring
172;172;Dr. Jonas Geissler; CDU/CSU;[];NA
173;173;Stefan Gelbhaar; Bündnis 90/Die Grünen;['https://twitter.com/stefangelbhaar'];stefangelbhaar
174;174;Michael Gerdes; SPD;[];NA
175;175;Knut Gerschau; FDP;[];NA
176;176;Martin Gerster; SPD;[];NA
177;177;Dr. Jan-Niclas Gesenhues; Bündnis 90/Die Grünen;['https://twitter.com/JN_Gesenhues'];JN_Gesenhues
178;178;Albrecht Glaser; AfD;[];NA
179;179;Angelika Glöckner; SPD;['https://twitter.com/A_Gloeckner'];A_Gloeckner
180;180;Anikó Glogowski-Merten; FDP;['https://twitter.com/AnikoMerten'];AnikoMerten
181;181;Hannes Gnauck; AfD;['https://twitter.com/Hannes_Gnauck'];Hannes_Gnauck
182;182;Katrin Göring-Eckardt; Bündnis 90/Die Grünen;['https://twitter.com/GoeringEckardt'];GoeringEckardt
183;183;Christian Görke; Die Linke;['https://twitter.com/goerke_c'];goerke_c
184;184;Nicole Gohlke; Die Linke;['http://www.twitter.com/nicolegohlke'];nicolegohlke
185;185;Kay Gottschalk; AfD;[];NA
186;186;Dr. Ingeborg Gräßle; CDU/CSU;['https://twitter.com/inge_graessle?lang=de'];inge_graessle
187;187;Fabian Gramling; CDU/CSU;['https://twitter.com/fabiangramling'];fabiangramling
188;188;Prof. Dr. Armin Grau; Bündnis 90/Die Grünen;[];NA
189;189;Timon Gremmels; SPD;['https://www.twitter.com/timon_gremmels'];timon_gremmels
190;190;Kerstin Griese; SPD;[];NA
191;191;Hermann Gröhe; CDU/CSU;['http://www.twitter.com/groehe'];groehe
192;192;Uli Grötsch; SPD;['https://twitter.com/UliGroetsch'];UliGroetsch
193;193;Michael Grosse-Brömer; CDU/CSU;['https://twitter.com/mgrossebroemer'];mgrossebroemer
194;194;Markus Grübel; CDU/CSU;['https://twitter.com/GruebelMdB'];GruebelMdB
195;195;Nils Gründer; FDP;['https://twitter.com/nilsgruender'];nilsgruender
196;196;Prof. Monika Grütters; CDU/CSU;[];NA
197;197;Sabine Grützmacher; Bündnis 90/Die Grünen;['https://twitter.com/S_Gruetzmacher'];S_Gruetzmacher
198;198;Manfred Grund; CDU/CSU;[];NA
199;199;Erhard Grundl; Bündnis 90/Die Grünen;['https://twitter.com/Erhard_Grundl?lang=de'];Erhard_Grundl
200;200;Oliver Grundmann; CDU/CSU;[];NA
201;201;Serap Güler; CDU/CSU;['https://twitter.com/SerapGueler'];SerapGueler
202;202;Fritz Güntzler; CDU/CSU;['https://twitter.com/fguentzler'];fguentzler
203;203;Ates Gürpinar; Die Linke;['https://twitter.com/AtesGuerpinar'];AtesGuerpinar
204;204;Olav Gutting; CDU/CSU;['https://twitter.com/olavgutting'];olavgutting
205;205;Dr. Gregor Gysi; Die Linke;['https://twitter.com/GregorGysi'];GregorGysi
206;206;Christian Haase; CDU/CSU;['https://twitter.com/ChristianHaase6'];ChristianHaase6
207;207;Dr. Robert Habeck; Bündnis 90/Die Grünen;[];NA
208;208;Thomas Hacker; FDP;['https://www.twitter.com/hacker_fdp'];hacker_fdp
209;209;Bettina Hagedorn; SPD;[];NA
210;210;Rita Hagl-Kehl; SPD;['https://twitter.com/RitaHaglKehl'];RitaHaglKehl
211;211;Dr. André Hahn; Die Linke;[];NA
212;212;Florian Hahn; CDU/CSU;['https://twitter.com/hahnflo'];hahnflo
213;213;Metin Hakverdi; SPD;['http://twitter.com/MetinHakverdi'];MetinHakverdi
214;214;Reginald Hanke; FDP;[];NA
215;215;Mariana Iris Harder-Kühnel; AfD;['https://twitter.com/M_HarderKuehnel'];M_HarderKuehnel
216;216;Jürgen Hardt; CDU/CSU;['https://twitter.com/juergenhardt'];juergenhardt
217;217;Philipp Hartewig; FDP;['https://twitter.com/philipphartewig'];philipphartewig
218;218;Sebastian Hartmann; SPD;['https://twitter.com/sebast_hartmann'];sebast_hartmann
219;219;Ulrike Harzer; FDP;['https://www.twitter.com/HarzerUlrike'];HarzerUlrike
220;220;Britta Haßelmann; Bündnis 90/Die Grünen;['http://www.twitter.com/BriHasselmann'];BriHasselmann
221;221;Matthias Hauer; CDU/CSU;['http://twitter.com/MatthiasHauer'];MatthiasHauer
222;222;Jochen Haug; AfD;['https://www.facebook.com/Jochen_Haug'];Jochen_Haug
223;223;Dr. Stefan Heck; CDU/CSU;['https://twitter.com/stheck?lang=de'];stheck
224;224;Dirk Heidenblut; SPD;[];NA
225;225;Peter Heidt; FDP;['https://twitter.com/PeterHeidtFDP'];PeterHeidtFDP
226;226;Hubertus Heil (Peine); SPD;['https://twitter.com/hubertus_heil'];hubertus_heil
227;227;Mechthild Heil; CDU/CSU;[];NA
228;228;Frauke Heiligenstadt; SPD;['https://twitter.com/fheiligenstadt'];fheiligenstadt
229;229;Thomas Heilmann; CDU/CSU;['https://twitter.com/ThomasHeilmann'];ThomasHeilmann
230;230;Gabriela Heinrich; SPD;['https://twitter.com/gaheinrich'];gaheinrich
231;231;Linda Heitmann; Bündnis 90/Die Grünen;['https://twitter.com/linda_lobster'];linda_lobster
232;232;Matthias Helferich; fraktionslos;[];NA
233;233;Mark Helfrich; CDU/CSU;[];NA
234;234;Katrin Helling-Plahr; FDP;['https://twitter.com/KatrinHelling'];KatrinHelling
235;235;Wolfgang Hellmich; SPD;[];NA
236;236;Kathrin Henneberger; Bündnis 90/Die Grünen;['https://twitter.com/KathrinAnna'];KathrinAnna
237;237;Anke Hennig; SPD;['https://twitter.com/AnkeHennigSPD'];AnkeHennigSPD
238;238;Susanne Hennig-Wellsow; Die Linke;['https://twitter.com/SusanneHennig?'];SusanneHennig
239;239;Michael Hennrich; CDU/CSU;[];NA
240;240;Marc Henrichmann; CDU/CSU;['https://www.twitter.com/marchenrichmann'];marchenrichmann
241;241;Markus Herbrand; FDP;['http://www.twitter.com/HerbrandMarkus'];HerbrandMarkus
242;242;Torsten Herbst; FDP;['https://twitter.com/torstenherbst'];torstenherbst
243;243;Bernhard Herrmann; Bündnis 90/Die Grünen;['https://twitter.com/BHerrmann_'];BHerrmann_
244;244;Nadine Heselhaus; SPD;['https://twitter.com/nheselhaus?lang=de'];nheselhaus
245;245;Martin Hess; AfD;['https://twitter.com/martin_hess_afd'];martin_hess_afd
246;246;Katja Hessel; FDP;['https://twitter.com/fdp_hessel'];fdp_hessel
247;247;Ansgar Heveling; CDU/CSU;[];NA
248;248;Susanne Hierl; CDU/CSU;['http://twitter.com/hierlsusanne'];hierlsusanne
249;249;Karsten Hilse; AfD;['https://twitter.com/Karsten_Hilse'];Karsten_Hilse
250;250;Christian Hirte; CDU/CSU;['http://www.twitter.com/christianhirte'];christianhirte
251;251;Thomas Hitschler; SPD;['https://twitter.com/thomashitschler'];thomashitschler
252;252;Dr. Gero Clemens Hocker; FDP;['https://www.twitter.com/GeroHocker'];GeroHocker
253;253;Nicole Höchst; AfD;['https://twitter.com/Nicole_Hoechst'];Nicole_Hoechst
254;254;Manuel Höferlin; FDP;['https://twitter.com/ManuelHoeferlin'];ManuelHoeferlin
255;255;Bruno Hönel; Bündnis 90/Die Grünen;['https://twitter.com/Bruno_Hoenel'];Bruno_Hoenel
256;256;Alexander Hoffmann; CDU/CSU;[];NA
257;257;Dr. Bettina Hoffmann; Bündnis 90/Die Grünen;['https://twitter.com/bhoffmann_mdb'];bhoffmann_mdb
258;258;Dr. Christoph Hoffmann; FDP;['https://twitter.com/HoffmannForest'];HoffmannForest
259;259;Dr. Anton Hofreiter; Bündnis 90/Die Grünen;[];NA
260;260;Leif-Erik Holm; AfD;['https://twitter.com/Leif_Erik_Holm'];Leif_Erik_Holm
261;261;Dr. Hendrik Hoppenstedt; CDU/CSU;[];NA
262;262;Franziska Hoppermann; CDU/CSU;['https://www.twitter.com/FHoppermann'];FHoppermann
263;263;Jasmina Hostert; SPD;['https://twitter.com/jasminahostert'];jasminahostert
264;264;Reinhard Houben; FDP;['https://twitter.com/HoubenReinhard'];HoubenReinhard
265;265;Johannes Huber; fraktionslos;['https://twitter.com/Huber_AfD?lang=de'];Huber_AfD
266;266;Verena Hubertz; SPD;['https://twitter.com/verenahubertz'];verenahubertz
267;267;Markus Hümpfer; SPD;[];NA
268;268;Hubert Hüppe; CDU/CSU;[];NA
269;269;Andrej Hunko; Die Linke;['https://twitter.com/andrejhunko'];andrejhunko
270;270;Gerrit Huy; AfD;['https://twitter.com/GerritHuy'];GerritHuy
271;271;Olaf in der Beek; FDP;[];NA
272;272;Erich Irlstorfer; CDU/CSU;[];NA
273;273;Fabian Jacobi; AfD;[];NA
274;274;Dieter Janecek; Bündnis 90/Die Grünen;['https://www.twitter.com/DJanecek'];DJanecek
275;275;Steffen Janich; AfD;[];NA
276;276;Anne Janssen; CDU/CSU;[];NA
277;277;Thomas Jarzombek; CDU/CSU;['https://twitter.com/tj_tweets'];tj_tweets
278;278;Gyde Jensen; FDP;['https://twitter.com/gydej?lang=de'];gydej
279;279;Dr. Marc Jongen; AfD;['https://twitter.com/marc_jongen'];marc_jongen
280;280;Andreas Jung; CDU/CSU;[];NA
281;281;Ingmar Jung; CDU/CSU;[];NA
282;282;Frank Junge; SPD;['https://twitter.com/jungeinberlin'];jungeinberlin
283;283;Josip Juratovic; SPD;['http://twitter.com/josip_juratovic'];josip_juratovic
284;284;Dr. Ann-Veruschka Jurisch; FDP;[];NA
285;285;Oliver Kaczmarek; SPD;['https://twitter.com/KaczmarekOliver'];KaczmarekOliver
286;286;Lamya Kaddor; Bündnis 90/Die Grünen;['https://twitter.com/LamyaKaddor'];LamyaKaddor
287;287;Elisabeth Kaiser; SPD;['https://twitter.com/kaiser_spd'];kaiser_spd
288;288;Dr. Kirsten Kappert-Gonther; Bündnis 90/Die Grünen;[];NA
289;289;Macit Karaahmetoğlu; SPD;['https://twitter.com/macit_spd'];macit_spd
290;290;Anja Karliczek; CDU/CSU;[];NA
291;291;Carlos Kasper; SPD;[];NA
292;292;Anna Kassautzki; SPD;['https://twitter.com/annakassautzki'];annakassautzki
293;293;Gabriele Katzmarek; SPD;['https://twitter.com/GabyKatzmarek'];GabyKatzmarek
294;294;Dr. Malte Kaufmann; AfD;['https://twitter.com/MalteKaufmann'];MalteKaufmann
295;295;Prof. Dr.-Ing. habil. Michael Kaufmann; AfD;['https://twitter.com/KaufmannAfD'];KaufmannAfD
296;296;Rainer Johannes Keller; SPD;['https://twitter.com/RainerKellerWES'];RainerKellerWES
297;297;Michael Kellner; Bündnis 90/Die Grünen;['https://twitter.com/MiKellner'];MiKellner
298;298;Ronja Kemmer; CDU/CSU;['http://twitter.com/ronjakemmer'];ronjakemmer
299;299;Dr. Franziska Kersten; SPD;['https://twitter.com/FKerstenMdB'];FKerstenMdB
300;300;Katja Keul; Bündnis 90/Die Grünen;['https://twitter.com/KatjaKeul'];KatjaKeul
301;301;Stefan Keuter; AfD;[];NA
302;302;Misbah Khan; Bündnis 90/Die Grünen;['https://twitter.com/Bina_Khan_'];Bina_Khan_
303;303;Roderich Kiesewetter; CDU/CSU;['http://twitter.com/RKiesewetter'];RKiesewetter
304;304;Michael Kießling; CDU/CSU;[];NA
305;305;Sven-Christian Kindler; Bündnis 90/Die Grünen;['http://twitter.com/sven_kindler'];sven_kindler
306;306;Dr. Georg Kippels; CDU/CSU;[];NA
307;307;Katja Kipping; Die Linke;['http://twitter.com/katjakipping'];katjakipping
308;308;Cansel Kiziltepe; SPD;['https://twitter.com/CanselK'];CanselK
309;309;Helmut Kleebank; SPD;['https://mobile.twitter.com/helmut_kleebank'];helmut_kleebank
310;310;Karsten Klein; FDP;['https://twitter.com/MdBKlein'];MdBKlein
311;311;Dr. Ottilie Klein; CDU/CSU;['https://twitter.com/Ottilie_Klein'];Ottilie_Klein
312;312;Volkmar Klein; CDU/CSU;['http://twitter.com/VolkmarKlein'];VolkmarKlein
313;313;Maria Klein-Schmeink; Bündnis 90/Die Grünen;['https://twitter.com/MariaKlSchmeink'];MariaKlSchmeink
314;314;Norbert Kleinwächter; AfD;['https://twitter.com/NKleinwaechter'];NKleinwaechter
315;315;Dr. Kristian Klinck; SPD;[];NA
316;316;Lars Klingbeil; SPD;['https://twitter.com/larsklingbeil'];larsklingbeil
317;317;Julia Klöckner; CDU/CSU;['http://www.twitter.com/JuliaKloeckner'];JuliaKloeckner
318;318;Annika Klose; SPD;['https://www.twitter.com/AnniKlose'];AnniKlose
319;319;Daniela Kluckert; FDP;['https://twitter.com/DanielaKluckert'];DanielaKluckert
320;320;Tim Klüssendorf; SPD;['http://www.twitter.com/timkluessendorf'];timkluessendorf
321;321;Axel Knoerig; CDU/CSU;['https://twitter.com/axel_knoerig'];axel_knoerig
322;322;Pascal Kober; FDP;['https://twitter.com/pascalkober'];pascalkober
323;323;Dr. Lukas Köhler; FDP;['https://twitter.com/koehler_fdp'];koehler_fdp
324;324;Anne König; CDU/CSU;['https://www.twitter.com/annekoenig_'];annekoenig_
325;325;Jörn König; AfD;[];NA
326;326;Jens Koeppen; CDU/CSU;['https://twitter.com/JensKoeppen'];JensKoeppen
327;327;Carsten Körber; CDU/CSU;['https://www.twitter.com/carstenkoerber'];carstenkoerber
328;328;Dr. Bärbel Kofler; SPD;['https://twitter.com/BaerbelKofler?ref_src=twsrc%5Egoogle%7Ctwcamp%5Eserp%7Ctwgr%5Eauthor'];BaerbelKofler
329;329;Enrico Komning; AfD;['https://twitter.com/enricokomning?lang=de'];enricokomning
330;330;Carina Konrad; FDP;['https://twitter.com/carina_konrad'];carina_konrad
331;331;Markus Koob; CDU/CSU;[];NA
332;332;Chantal Kopf; Bündnis 90/Die Grünen;['https://twitter.com/chantal_kopf/'];chantal_kopf
333;333;Jan Korte; Die Linke;['https://twitter.com/jankortemdb'];jankortemdb
334;334;Simona Koß; SPD;[];NA
335;335;Steffen Kotré; AfD;['https://twitter.com/SteffenKotre?lang=de'];SteffenKotre
336;336;Philip Krämer; Bündnis 90/Die Grünen;['https://twitter.com/PhiKraemer'];PhiKraemer
337;337;Laura Kraft; Bündnis 90/Die Grünen;['https://twitter.com/laura_kraft_'];laura_kraft_
338;338;Dr. Rainer Kraft; AfD;['https://twitter.com/Dr_Rainer_Kraft'];Dr_Rainer_Kraft
339;339;Anette Kramme; SPD;[];NA
340;340;Dunja Kreiser; SPD;[];NA
341;341;Gunther Krichbaum; CDU/CSU;[];NA
342;342;Dr. Günter Krings; CDU/CSU;[];NA
343;343;Oliver Krischer; Bündnis 90/Die Grünen;['https://twitter.com/Oliver_Krischer'];Oliver_Krischer
344;344;Martin Kröber; SPD;[];NA
345;345;Michael Kruse; FDP;['https://www.twitter.com/krusehamburg'];krusehamburg
346;346;Tilman Kuban; CDU/CSU;['https://twitter.com/tkuban96'];tkuban96
347;347;Wolfgang Kubicki; FDP;[];NA
348;348;Christian Kühn (Tübingen); Bündnis 90/Die Grünen;['https://twitter.com/ChrisKuehn_mdb'];ChrisKuehn_mdb
349;349;Kevin Kühnert; SPD;['https://twitter.com/KuehniKev'];KuehniKev
350;350;Renate Künast; Bündnis 90/Die Grünen;['https://www.twitter.com/RenateKuenast'];RenateKuenast
351;351;Konstantin Kuhle; FDP;['https://twitter.com/konstantinkuhle?lang=de'];konstantinkuhle
352;352;Markus Kurth; Bündnis 90/Die Grünen;[];NA
353;353;Sarah Lahrkamp; SPD;['https://twitter.com/slahrkamp'];slahrkamp
354;354;Alexander Graf Lambsdorff; FDP;[];NA
355;355;Ricarda Lang; Bündnis 90/Die Grünen;['https://twitter.com/Ricarda_Lang'];Ricarda_Lang
356;356;Ulrich Lange; CDU/CSU;['https://twitter.com/UlrichLange'];UlrichLange
357;357;Andreas Larem; SPD;[];NA
358;358;Armin Laschet; CDU/CSU;[];NA
359;359;Ina Latendorf; Die Linke;[];NA
360;360;Dr. Silke Launert; CDU/CSU;['http://www.twitter.com/DrLaunert'];DrLaunert
361;361;Prof. Dr. Karl Lauterbach; SPD;['https://www.twitter.com/karl_lauterbach'];karl_lauterbach
362;362;Caren Lay; Die Linke;[];NA
363;363;Ulrich Lechte; FDP;['https://twitter.com/ulrichlechte'];ulrichlechte
364;364;Jens Lehmann; CDU/CSU;[];NA
365;365;Sven Lehmann; Bündnis 90/Die Grünen;['https://twitter.com/svenlehmann'];svenlehmann
366;366;Sylvia Lehmann; SPD;[];NA
367;367;Paul Lehrieder; CDU/CSU;[];NA
368;368;Dr. Katja Leikert; CDU/CSU;['https://www.twitter.com/KLeikert'];KLeikert
369;369;Kevin Leiser; SPD;['http://www.twitter.com/KLHohenlohe'];KLHohenlohe
370;370;Steffi Lemke; Bündnis 90/Die Grünen;['https://twitter.com/SteffiLemke'];SteffiLemke
371;371;Jürgen Lenders; FDP;[];NA
372;372;Barbara Lenk; AfD;[];NA
373;373;Ralph Lenkert; Die Linke;[];NA
374;374;Dr. Andreas Lenz; CDU/CSU;['http://twitter.com/DerLenzMdB'];DerLenzMdB
375;375;Christian Leye; Die Linke;['https://twitter.com/christian_leye'];christian_leye
376;376;Luiza Licina-Bode; SPD;['https://twitter.com/bodeluiza?lang=de'];bodeluiza
377;377;Dr. Thorsten Lieb; FDP;['https://twitter.com/thorstenlieb'];thorstenlieb
378;378;Anja Liebert; Bündnis 90/Die Grünen;[];NA
379;379;Esra Limbacher; SPD;['https://twitter.com/esralimbacher'];esralimbacher
380;380;Helge Limburg; Bündnis 90/Die Grünen;['https://www.twitter.com/Helge_Limburg'];Helge_Limburg
381;381;Lars Lindemann; FDP;['https://twitter.com/lflindemann?lang=de'];lflindemann
382;382;Helge Lindh; SPD;['https://twitter.com/helgelindh'];helgelindh
383;383;Andrea Lindholz; CDU/CSU;['https://www.twitter.com/AndreaLindholz/'];AndreaLindholz
384;384;Christian Lindner; FDP;['https://twitter.com/c_lindner'];c_lindner
385;385;Dr. Tobias Lindner; Bündnis 90/Die Grünen;['https://twitter.com/tobiaslindner'];tobiaslindner
386;386;Michael Georg Link (Heilbronn); FDP;['https://twitter.com/michael_g_link'];michael_g_link
387;387;Dr. Carsten Linnemann; CDU/CSU;[];NA
388;388;Patricia Lips; CDU/CSU;[];NA
389;389;Dr. Gesine Lötzsch; Die Linke;['https://twitter.com/LoetzschMdB'];LoetzschMdB
390;390;Denise Loop; Bündnis 90/Die Grünen;['https://twitter.com/denise_loop'];denise_loop
391;391;Bernhard Loos; CDU/CSU;[];NA
392;392;Rüdiger Lucassen; AfD;['https://twitter.com/buerger2016'];buerger2016
393;393;Max Lucks; Bündnis 90/Die Grünen;['https://twitter.com/max_lucks'];max_lucks
394;394;Dr. Jan-Marco Luczak; CDU/CSU;['http://twitter.com/JM_Luczak'];JM_Luczak
395;395;Daniela Ludwig; CDU/CSU;['https://twitter.com/DaniLudwigMdB'];DaniLudwigMdB
396;396;Dr. Anna Lührmann; Bündnis 90/Die Grünen;['https://twitter.com/AnnaLuehrmann'];AnnaLuehrmann
397;397;Kristine Lütke; FDP;['https://twitter.com/kristine_lutke'];kristine_lutke
398;398;Bettina Lugk; SPD;['https://twitter.com/BettinaLugk'];BettinaLugk
399;399;Oliver Luksic; FDP;['https://twitter.com/olliluksic?lang=de'];olliluksic
400;400;Thomas Lutze; Die Linke;[];NA
401;401;Heiko Maas; SPD;['https://twitter.com/heikomaas'];heikomaas
402;402;Dr. Tanja Machalet; SPD;[];NA
403;403;Klaus Mack; CDU/CSU;[];NA
404;404;Isabel Mackensen-Geis; SPD;['https://twitter.com/IsabelMackensen'];IsabelMackensen
405;405;Yvonne Magwas; CDU/CSU;['https://twitter.com/YvonneMagwas'];YvonneMagwas
406;406;Erik von Malottki; SPD;['https://twitter.com/erikvonmalottki'];erikvonmalottki
407;407;Holger Mann; SPD;['https://twitter.com/HolgerMannLE'];HolgerMannLE
408;408;Till Mansmann; FDP;['https://www.twitter.com/tillmansmann?lang=en'];tillmansmann
409;409;Kaweh Mansoori; SPD;[];NA
410;410;Dr. Zanda Martens; SPD;['https://twitter.com/zandamartens'];zandamartens
411;411;Dorothee Martin; SPD;['https://twitter.com/doro_martin'];doro_martin
412;412;Parsa Marvi; SPD;['https://twitter.com/ParsaMarvi'];ParsaMarvi
413;413;Franziska Mascheck; SPD;['https://twitter.com/f_mascheck'];f_mascheck
414;414;Katja Mast; SPD;['https://twitter.com/KatjaMast'];KatjaMast
415;415;Andreas Mattfeldt; CDU/CSU;[];NA
416;416;Stephan Mayer (Altötting); CDU/CSU;[];NA
417;417;Zoe Mayer; Bündnis 90/Die Grünen;['https://twitter.com/zoe_gruene'];zoe_gruene
418;418;Volker Mayer-Lay; CDU/CSU;[];NA
419;419;Andreas Mehltretter; SPD;['https://twitter.com/Mehli'];Mehli
420;420;Takis Mehmet Ali; SPD;['https://twitter.com/TakisMehmetAli1'];TakisMehmetAli1
421;421;Pascal Meiser; Die Linke;['https://twitter.com/pascalmeiser?lang=de'];pascalmeiser
422;422;Dr. Michael Meister; CDU/CSU;['https://twitter.com/meister_schafft?lang=de'];meister_schafft
423;423;Susanne Menge; Bündnis 90/Die Grünen;[];NA
424;424;Friedrich Merz; CDU/CSU;['https://twitter.com/_FriedrichMerz'];_FriedrichMerz
425;425;Robin Mesarosch; SPD;['http://www.twitter.com/mesarosch'];mesarosch
426;426;Jan Metzler; CDU/CSU;[];NA
427;427;Christoph Meyer; FDP;['https://twitter.com/Meyer_FDP'];Meyer_FDP
428;428;Corinna Miazga; AfD;[];NA
429;429;Swantje Henrike Michaelsen; Bündnis 90/Die Grünen;['https://twitter.com/SwantjeMichael1'];SwantjeMichael1
430;430;Kathrin Michel; SPD;['https://www.twitter.com/@Kthrn_Mchl_SPD'];@Kthrn_Mchl_SPD
431;431;Dr. Mathias Middelberg; CDU/CSU;[];NA
432;432;Dr. Matthias Miersch; SPD;[];NA
433;433;Matthias David Mieves; SPD;[];NA
434;434;Dr. Irene Mihalic; Bündnis 90/Die Grünen;['http://www.twitter.com/IreneMihalic'];IreneMihalic
435;435;Boris Mijatović; Bündnis 90/Die Grünen;['https://twitter.com/borismijatovic'];borismijatovic
436;436;Susanne Mittag; SPD;[];NA
437;437;Cornelia Möhring; Die Linke;['https://twitter.com/Conni_Moehring'];Conni_Moehring
438;438;Siemtje Möller; SPD;['https://twitter.com/SiemtjeMdB'];SiemtjeMdB
439;439;Maximilian Mörseburg; CDU/CSU;['http://www.twitter.com/maxmoerseburg'];maxmoerseburg
440;440;Amira Mohamed Ali; Die Linke;['https://twitter.com/Amira_M_Ali'];Amira_M_Ali
441;441;Falko Mohrs; SPD;['https://twitter.com/falkomohrs?lang=de'];FalkoMohrs
442;442;Claudia Moll; SPD;['https://twitter.com/ClaudiaMollMdB'];ClaudiaMollMdB
443;443;Mike Moncsek; AfD;[];NA
444;444;Dietrich Monstadt; CDU/CSU;[];NA
445;445;Matthias Moosdorf; AfD;[];NA
446;446;Maximilian Mordhorst; FDP;['https://twitter.com/maxmordhorst'];maxmordhorst
447;447;Alexander Müller; FDP;['https://twitter.com/alexmuellerfdp'];alexmuellerfdp
448;448;Axel Müller; CDU/CSU;[];NA
449;449;Bettina Müller; SPD;['http://twitter.com/BetMueller'];BetMueller
450;450;Carsten Müller (Braunschweig); CDU/CSU;['http://twitter.com/mdbmuller'];mdbmuller
451;451;Claudia Müller; Bündnis 90/Die Grünen;['https://twitter.com/gruenclaudia'];gruenclaudia
452;452;Detlef Müller (Chemnitz); SPD;['https://twitter.com/MuellerChemnitz'];MuellerChemnitz
453;453;Florian Müller; CDU/CSU;[];NA
454;454;Michael Müller; SPD;[];NA
455;455;Sascha Müller; Bündnis 90/Die Grünen;['https://twitter.com/SaschaMuller'];SaschaMuller
456;456;Sepp Müller; CDU/CSU;['https://twitter.com/mueller_sepp?lang=de'];mueller_sepp
457;457;Stefan Müller (Erlangen); CDU/CSU;['https://twitter.com/smuellermdb'];smuellermdb
458;458;Beate Müller-Gemmeke; Bündnis 90/Die Grünen;['http://twitter.com/gruenebeate'];gruenebeate
459;459;Frank Müller-Rosentritt; FDP;['https://twitter.com/theliberalfrank'];theliberalfrank
460;460;Michelle Müntefering; SPD;['http://twitter.com/mi_Muentefering'];mi_Muentefering
461;461;Sebastian Münzenmaier; AfD;['http://twitter.de/S_Muenzenmaier/'];S_Muenzenmaier
462;462;Dr. Rolf Mützenich; SPD;[];NA
463;463;Dr. Stefan Nacke; CDU/CSU;[];NA
464;464;Sara Nanni; Bündnis 90/Die Grünen;['https://twitter.com/SaraNanni/'];SaraNanni
465;465;Rasha Nasr; SPD;['https://twitter.com/rasha_nasr_'];rasha_nasr_
466;466;Zaklin Nastic; Die Linke;['http://www.twitter.com/zaklinnastic'];zaklinnastic
467;467;Edgar Naujok; AfD;['https://twitter.com/edgar_naujok'];edgar_naujok
468;468;Dr. Ingrid Nestle; Bündnis 90/Die Grünen;['https://twitter.com/ingrid_nestle'];ingrid_nestle
469;469;Dr. Ophelia Nick; Bündnis 90/Die Grünen;['https://twitter.com/OpheliaNick'];OpheliaNick
470;470;Brian Nickholz; SPD;['https://twitter.com/BrianNickholz'];BrianNickholz
471;471;Petra Nicolaisen; CDU/CSU;[];NA
472;472;Dietmar Nietan; SPD;[];NA
473;473;Jan Ralf Nolte; AfD;['https://twitter.com/Jan_Nolte_AfD'];Jan_Nolte_AfD
474;474;Dr. Konstantin von Notz; Bündnis 90/Die Grünen;['http://twitter.com/KonstantinNotz'];KonstantinNotz
475;475;Omid Nouripour; Bündnis 90/Die Grünen;['http://twitter.com/nouripour'];nouripour
476;476;Jörg Nürnberger; SPD;['https://twitter.com/joergnurnberger'];joergnurnberger
477;477;Lennard Oehl; SPD;['https://www.twitter.com/lennardoehl'];lennardoehl
478;478;Wilfried Oellers; CDU/CSU;[];NA
479;479;Cem Özdemir; Bündnis 90/Die Grünen;['http://www.twitter.com/cem_oezdemir'];cem_oezdemir
480;480;Mahmut Özdemir (Duisburg); SPD;['https://twitter.com/oezdemir_spd'];oezdemir_spd
481;481;Aydan Özoğuz; SPD;['https://twitter.com/oezoguz'];oezoguz
482;482;Moritz Oppelt; CDU/CSU;['https://twitter.com/moritzoppelt'];moritzoppelt
483;483;Josephine Ortleb; SPD;['https://twitter.com/josephineortleb'];josephineortleb
484;484;Florian Oßner; CDU/CSU;['https://twitter.com/Florian_Ossner'];Florian_Ossner
485;485;Josef Oster; CDU/CSU;['https://twitter.com/josefoster'];josefoster
486;486;Henning Otte; CDU/CSU;['www.twitter.com/vtdgsprecher'];vtdgsprecher
487;487;Karoline Otte; Bündnis 90/Die Grünen;['https://twitter.com/karo_otte'];karo_otte
488;488;Gerold Otten; AfD;[];NA
489;489;Julian Pahlke; Bündnis 90/Die Grünen;['https://twitter.com/J_Pahlke'];J_Pahlke
490;490;Dr. Christos Pantazis; SPD;['https://twitter.com/Dr_Pantazis'];Dr_Pantazis
491;491;Wiebke Papenbrock; SPD;[];NA
492;492;Mathias Papendieck; SPD;['https://twitter.com/m_papendieck?lang=de'];m_papendieck
493;493;Petra Pau; Die Linke;['https://twitter.com/PetraPauMaHe'];PetraPauMaHe
494;494;Lisa Paus; Bündnis 90/Die Grünen;['https://twitter.com/@lisapaus'];@lisapaus
495;495;Natalie Pawlik; SPD;['https://twitter.com/natalie_pawlik'];natalie_pawlik
496;496;Jens Peick; SPD;['https://twitter.com/jenspeick'];jenspeick
497;497;Sören Pellmann; Die Linke;['https://twitter.com/linkepelli?lang=de'];linkepelli
498;498;Victor Perli; Die Linke;['https://twitter.com/victorperli'];victorperli
499;499;Tobias Matthias Peterka; AfD;['https://twitter.com/TobiasMPeterka?lang=de'];TobiasMPeterka
500;500;Christian Petry; SPD;['https://twitter.com/CPetryMdB'];CPetryMdB
501;501;Dr. Andreas Philippi; SPD;['https://twitter.com/philippispd'];philippispd
502;502;Dr. med. Paula Piechotta; Bündnis 90/Die Grünen;['https://twitter.com/PaulaPiechotta'];PaulaPiechotta
503;503;Stephan Pilsinger; CDU/CSU;[];NA
504;504;Jan Plobner; SPD;[];NA
505;505;Dr. Christoph Ploß; CDU/CSU;['https://twitter.com/christophploss'];christophploss
506;506;Dr. Martin Plum; CDU/CSU;[];NA
507;507;Jürgen Pohl; AfD;[];NA
508;508;Filiz Polat; Bündnis 90/Die Grünen;['https://twitter.com/filizgreen'];filizgreen
509;509;Sabine Poschmann; SPD;[];NA
510;510;Achim Post (Minden); SPD;[];NA
511;511;Stephan Protschka; AfD;['https://twitter.com/AfDProtschka'];AfDProtschka
512;512;Thomas Rachel; CDU/CSU;['https://twitter.com/_thomasrachel?lang=de'];_thomasrachel
513;513;Kerstin Radomski; CDU/CSU;[];NA
514;514;Alexander Radwan; CDU/CSU;['https://www.twitter.com/AlexanderRadwan'];AlexanderRadwan
515;515;Claudia Raffelhüschen; FDP;[];NA
516;516;Alois Rainer; CDU/CSU;['https://twitter.com/AloisRainer'];AloisRainer
517;517;Dr. Peter Ramsauer; CDU/CSU;[];NA
518;518;Dr. Volker Redder; FDP;['https://twitter.com/docredder'];docredder
519;519;Henning Rehbaum; CDU/CSU;['https://twitter.com/henningrehbaum?lang=de'];henningrehbaum
520;520;Martin Reichardt; AfD;['https://twitter.com/M_Reichardt_AfD'];M_Reichardt_AfD
521;521;Dr. Markus Reichel; CDU/CSU;['https://twitter.com/MarkusReichelDD'];MarkusReichelDD
522;522;Heidi Reichinnek; Die Linke;['https://twitter.com/HeidiReichinnek'];HeidiReichinnek
523;523;Dr. Anja Reinalter; Bündnis 90/Die Grünen;[];NA
524;524;Hagen Reinhold; FDP;['https://twitter.com/reinholdmdb'];reinholdmdb
525;525;Martin Erwin Renner; AfD;['https://twitter.com/Renner_AfD'];Renner_AfD
526;526;Martina Renner; Die Linke;['https://twitter.com/martinarenner'];martinarenner
527;527;Bernd Reuther; FDP;['https://twitter.com/reuther_bernd'];reuther_bernd
528;528;Ye-One Rhie; SPD;['https://twitter.com/yeone_rhie'];yeone_rhie
529;529;Josef Rief; CDU/CSU;[];NA
530;530;Bernd Riexinger; Die Linke;['https://twitter.com/b_riexinger'];b_riexinger
531;531;Andreas Rimkus; SPD;['https://twitter.com/Andreas_Rimkus'];Andreas_Rimkus
532;532;Frank Rinck; AfD;[];NA
533;533;Daniel Rinkert; SPD;['https://twitter.com/danielrinkert?lang=de'];danielrinkert
534;534;Sönke Rix; SPD;['http://twitter.com/SoenkeRix'];SoenkeRix
535;535;Tabea Rößner; Bündnis 90/Die Grünen;['https://www.twitter.com/TabeaRoessner'];TabeaRoessner
536;536;Dr. Norbert Röttgen; CDU/CSU;['https://www.twitter.com/n_roettgen'];n_roettgen
537;537;Thomas Röwekamp; CDU/CSU;['https://twitter.com/tr_bremen'];tr_bremen
538;538;Dennis Rohde; SPD;[];NA
539;539;Lars Rohwer; CDU/CSU;[];NA
540;540;Sebastian Roloff; SPD;['https://twitter.com/SebRoloff'];SebRoloff
541;541;Dr. Martin Rosemann; SPD;[];NA
542;542;Jessica Rosenthal; SPD;['https://twitter.com/jessi_rosenthal'];jessi_rosenthal
543;543;Claudia Roth (Augsburg); Bündnis 90/Die Grünen;[];NA
544;544;Michael Roth (Heringen); SPD;['https://twitter.com/MiRo_SPD'];MiRo_SPD
545;545;Dr. Manuela Rottmann; Bündnis 90/Die Grünen;[];NA
546;546;Stefan Rouenhoff; CDU/CSU;['https://twitter.com/stefanrouenhoff'];stefanrouenhoff
547;547;Dr. Thorsten Rudolph; SPD;['http://www.twitter.com/jethoru'];jethoru
548;548;Tina Rudolph; SPD;[];NA
549;549;Erwin Rüddel; CDU/CSU;['http://twitter.com/Erwin_Rueddel'];Erwin_Rueddel
550;550;Corinna Rüffer; Bündnis 90/Die Grünen;[];NA
551;551;Bernd Rützel; SPD;[];NA
552;552;Albert Rupprecht; CDU/CSU;[];NA
553;553;Sarah Ryglewski; SPD;['https://www.twitter.com/RyglewskiS'];RyglewskiS
554;554;Johann Saathoff; SPD;['http://www.twitter.com/@johann_saathoff'];@johann_saathoff
555;555;Michael Sacher; Bündnis 90/Die Grünen;['https://twitter.com/sacher_mchl'];sacher_mchl
556;556;Catarina dos Santos-Wintz; CDU/CSU;['https://twitter.com/CatarinaDosSa'];CatarinaDosSa
557;557;Dr. h. c. Thomas Sattelberger; FDP;['https://twitter.com/th_sattelberger'];th_sattelberger
558;558;Christian Sauter; FDP;['https://twitter.com/chr_sauter'];chr_sauter
559;559;Axel Schäfer (Bochum); SPD;[];NA
560;560;Ingo Schäfer; SPD;['https://twitter.com/ingoschaeferspd'];ingoschaeferspd
561;561;Jamila Schäfer; Bündnis 90/Die Grünen;['http://twitter.com/jamila_anna'];jamila_anna
562;562;Dr. Sebastian Schäfer; Bündnis 90/Die Grünen;['https://twitter.com/sebastian_es_'];sebastian_es_
563;563;Frank Schäffler; FDP;['https://twitter.com/f_schaeffler'];f_schaeffler
564;564;Johannes Schätzl; SPD;['http://twitter.com/schaetzlJo'];schaetzlJo
565;565;Dr. Wolfgang Schäuble; CDU/CSU;[];NA
566;566;Rebecca Schamber; SPD;[];NA
567;567;Bernd Schattner; AfD;[];NA
568;568;Ulle Schauws; Bündnis 90/Die Grünen;['https://twitter.com/ulle_schauws'];ulle_schauws
569;569;Dr. Nina Scheer; SPD;['https://twitter.com/NinaScheer_SPD'];NinaScheer_SPD
570;570;Dr. Christiane Schenderlein; CDU/CSU;[];NA
571;571;Andreas Scheuer; CDU/CSU;['https://twitter.com/andreasscheuer'];andreasscheuer
572;572;Marianne Schieder; SPD;['http://www.twitter.com/@m_schieder'];@m_schieder
573;573;Udo Schiefner; SPD;[];NA
574;574;Ulrike Schielke-Ziesing; AfD;['https://twitter.com/ulschzi'];ulschzi
575;575;Peggy Schierenbeck; SPD;[];NA
576;576;Jana Schimke; CDU/CSU;[];NA
577;577;Timo Schisanowski; SPD;[];NA
578;578;Christoph Schmid; SPD;['https://www.twitter.com/@kratermensch'];@kratermensch
579;579;Dr. Nils Schmid; SPD;['https://twitter.com/nilsschmid?lang=de'];nilsschmid
580;580;Dagmar Schmidt (Wetzlar); SPD;['http://www.twitter.com/dieschmidt'];dieschmidt
581;581;Eugen Schmidt; AfD;['https://twitter.com/AfDrus'];AfDrus
582;582;Jan Wenzel Schmidt; AfD;['https://twitter.com/jws_afd'];jws_afd
583;583;Stefan Schmidt; Bündnis 90/Die Grünen;['https://twitter.com/Schmidt_MdB'];Schmidt_MdB
584;584;Uwe Schmidt; SPD;[];NA
585;585;Carsten Schneider (Erfurt); SPD;['http://www.twitter.com/schneidercar'];schneidercar
586;586;Daniel Schneider; SPD;['http://www.twitter.com/schneider_cux'];schneider_cux
587;587;Jörg Schneider; AfD;['https://twitter.com/Schneider_AfD'];Schneider_AfD
588;588;Patrick Schnieder; CDU/CSU;['http://www.twitter.com/PSchnieder'];PSchnieder
589;589;Nadine Schön; CDU/CSU;['https://twitter.com/NadineSchoen'];NadineSchoen
590;590;Marlene Schönberger; Bündnis 90/Die Grünen;['https://twitter.com/lime_green_leni'];lime_green_leni
591;591;Olaf Scholz; SPD;['https://twitter.com/OlafScholz'];OlafScholz
592;592;Johannes Schraps; SPD;['https://twitter.com/jojoschraps'];jojoschraps
593;593;Christian Schreider; SPD;[];NA
594;594;Felix Schreiner; CDU/CSU;['https://twitter.com/felixschreiner'];felixschreiner
595;595;Michael Schrodi; SPD;['http://www.twitter.com/mischrodi'];mischrodi
596;596;Christina-Johanne Schröder; Bündnis 90/Die Grünen;['https://twitter.com/cj_schroeder'];cj_schroeder
597;597;Ria Schröder; FDP;['https://twitter.com/ria_schroeder'];ria_schroeder
598;598;Anja Schulz; FDP;['https://twitter.com/_anja_schulz'];_anja_schulz
599;599;Uwe Schulz; AfD;['https://twitter.com/Uwe_Schulz_AfD'];Uwe_Schulz_AfD
600;600;Kordula Schulz-Asche; Bündnis 90/Die Grünen;['https://twitter.com/k_sa'];k_sa
601;601;Svenja Schulze; SPD;['https://twitter.com/SvenjaSchulze68'];SvenjaSchulze68
602;602;Frank Schwabe; SPD;['https://twitter.com/FrankSchwabe'];FrankSchwabe
603;603;Stefan Schwartze; SPD;['https://twitter.com/s_schwartze'];s_schwartze
604;604;Andreas Schwarz; SPD;['https://twitter.com/Schwarz_MdB'];Schwarz_MdB
605;605;Armin Schwarz; CDU/CSU;[];NA
606;606;Rita Schwarzelühr-Sutter; SPD;['https://twitter.com/rischwasu?lang=en'];rischwasu
607;607;Matthias Seestern-Pauly; FDP;['https://twitter.com/mseesternpauly'];mseesternpauly
608;608;Stefan Seidler; fraktionslos;['https://twitter.com/stefan_seidler'];stefan_seidler
609;609;Detlef Seif; CDU/CSU;[];NA
610;610;Prof. Dr. Stephan Seiter; FDP;['https://twitter.com/StSeiter'];StSeiter
611;611;Thomas Seitz; AfD;['https://twitter.com/Th_Seitz_AfD'];Th_Seitz_AfD
612;612;Dr. Lina Seitzl; SPD;['https://twitter.com/lina_seitzl'];lina_seitzl
613;613;Melis Sekmen; Bündnis 90/Die Grünen;['https://twitter.com/Melis_S'];Melis_S
614;614;Rainer Semet; FDP;['https://twitter.com/RainerSemet'];RainerSemet
615;615;Martin Sichert; AfD;['https://twitter.com/Martin_Sichert'];Martin_Sichert
616;616;Thomas Silberhorn; CDU/CSU;['https://twitter.com/SilberhornMdB'];SilberhornMdB
617;617;Björn Simon; CDU/CSU;['https://twitter.com/bjoernsimon'];bjoernsimon
618;618;Dr. Petra Sitte; Die Linke;['https://twitter.com/petra_sitte_mdb?lang=de'];petra_sitte_mdb
619;619;Judith Skudelny; FDP;[];NA
620;620;Nyke Slawik; Bündnis 90/Die Grünen;['https://twitter.com/nyke_slawik'];nyke_slawik
621;621;Tino Sorge; CDU/CSU;['https://twitter.com/TinoSorge'];TinoSorge
622;622;Jens Spahn; CDU/CSU;['https://twitter.com/jensspahn'];jensspahn
623;623;Dr. Anne Monika Spallek; Bündnis 90/Die Grünen;['https://twitter.com/AnneSpallek'];AnneSpallek
624;624;Dr. Dirk Spaniel; AfD;['https://twitter.com/dirkspaniel'];dirkspaniel
625;625;Merle Spellerberg; Bündnis 90/Die Grünen;['https://twitter.com/spellerberg_m'];spellerberg_m
626;626;René Springer; AfD;['https://twitter.com/Rene_Springer'];Rene_Springer
627;627;Svenja Stadler; SPD;['https://twitter.com/stadler_svenja'];stadler_svenja
628;628;Katrin Staffler; CDU/CSU;['https://twitter.com/katrin_staffler'];katrin_staffler
629;629;Nina Stahr; Bündnis 90/Die Grünen;['https://twitter.com/ninastahr'];ninastahr
630;630;Martina Stamm-Fibich; SPD;['http://www.twitter.com/stamm_fibich'];stamm_fibich
631;631;Bettina Stark-Watzinger; FDP;['https://twitter.com/starkwatzinger'];starkwatzinger
632;632;Dr. Till Steffen; Bündnis 90/Die Grünen;['https://twitter.com/till_steffen'];till_steffen
633;633;Dr. Wolfgang Stefinger; CDU/CSU;['http://www.twitter.com/stefingermdb'];stefingermdb
634;634;Albert Stegemann; CDU/CSU;['https://twitter.com/StegemannAlbert'];StegemannAlbert
635;635;Dr. Ralf Stegner; SPD;['https://twitter.com/ralf_stegner'];ralf_stegner
636;636;Mathias Stein; SPD;['https://twitter.com/stonie_kiel'];stonie_kiel
637;637;Johannes Steiniger; CDU/CSU;['https://twitter.com/josteiniger'];josteiniger
638;638;Hanna Steinmüller; Bündnis 90/Die Grünen;['https://twitter.com/HanSteinmueller'];HanSteinmueller
639;639;Christian Freiherr von Stetten; CDU/CSU;['https://twitter.com/cvstetten?lang=de'];cvstetten
640;640;Nadja Sthamer; SPD;['https://twitter.com/nadjasthamer'];nadjasthamer
641;641;Dieter Stier; CDU/CSU;[];NA
642;642;Konrad Stockmeier; FDP;[];NA
643;643;Klaus Stöber; AfD;[];NA
644;644;Diana Stöcker; CDU/CSU;[];NA
645;645;Beatrix von Storch; AfD;['https://twitter.com/Beatrix_vStorch'];Beatrix_vStorch
646;646;Gero Storjohann; CDU/CSU;[];NA
647;647;Dr. Marie-Agnes Strack-Zimmermann; FDP;['https://twitter.com/MAStrackZi'];MAStrackZi
648;648;Stephan Stracke; CDU/CSU;[];NA
649;649;Benjamin Strasser; FDP;['https://twitter.com/bstrasser'];bstrasser
650;650;Max Straubinger; CDU/CSU;[];NA
651;651;Dr. Wolfgang Strengmann-Kuhn; Bündnis 90/Die Grünen;['https://www.twitter.com/w_sk'];w_sk
652;652;Ruppert Stüwe; SPD;['https://twitter.com/stuewer'];stuewer
653;653;Christina Stumpp; CDU/CSU;[];NA
654;654;Kassem Taher Saleh; Bündnis 90/Die Grünen;['https://twitter.com/kassem_ts'];kassem_ts
655;655;Jessica Tatti; Die Linke;['https://twitter.com/jessica_tatti'];jessica_tatti
656;656;Claudia Tausend; SPD;[];NA
657;657;Dr. Hermann-Josef Tebroke; CDU/CSU;[];NA
658;658;Awet Tesfaiesus; Bündnis 90/Die Grünen;['https://twitter.com/AwetTesfaiesus'];AwetTesfaiesus
659;659;Linda Teuteberg; FDP;['https://twitter.com/LindaTeuteberg'];LindaTeuteberg
660;660;Jens Teutrine; FDP;['https://twitter.com/jensteutrine'];jensteutrine
661;661;Michael Theurer; FDP;['https://twitter.com/eutheurer'];eutheurer
662;662;Michael Thews; SPD;['https://twitter.com/michaelthews'];michaelthews
663;663;Hans-Jürgen Thies; CDU/CSU;[];NA
664;664;Stephan Thomae; FDP;['https://twitter.com/stephanthomae?lang=de'];stephanthomae
665;665;Alexander Throm; CDU/CSU;['https://www.twitter.com/alexander_throm'];alexander_throm
666;666;Antje Tillmann; CDU/CSU;['http://twitter.com/AntjeTillmann'];AntjeTillmann
667;667;Astrid Timmermann-Fechter; CDU/CSU;[];NA
668;668;Nico Tippelt; FDP;['https://twitter.com/NicoTippelt'];NicoTippelt
669;669;Manfred Todtenhausen; FDP;['https://twitter.com/MTodtenhausen'];MTodtenhausen
670;670;Markus Töns; SPD;['https://twitter.com/Toens_NRW04'];Toens_NRW04
671;671;Dr. Florian Toncar; FDP;['https://twitter.com/florian_toncar'];florian_toncar
672;672;Carsten Träger; SPD;['https://twitter.com/CarstenTraeger'];CarstenTraeger
673;673;Jürgen Trittin; Bündnis 90/Die Grünen;['http://www.twitter.com/JTrittin'];JTrittin
674;674;Anja Troff-Schaffarzyk; SPD;['https://twitter.com/anja_troff'];anja_troff
675;675;Derya Türk-Nachbaur; SPD;['https://twitter.com/derya_tn'];derya_tn
676;676;Markus Uhl; CDU/CSU;[];NA
677;677;Katrin Uhlig; Bündnis 90/Die Grünen;['https://twitter.com/katrinuhligbn'];katrinuhligbn
678;678;Prof. Dr. Andrew Ullmann; FDP;['https://twitter.com/ullmannmdb'];ullmannmdb
679;679;Frank Ullrich; SPD;[];NA
680;680;Gerald Ullrich; FDP;['https://twitter.com/G_UllrichFDP'];G_UllrichFDP
681;681;Dr. Volker Ullrich; CDU/CSU;['https://twitter.com/VolkerUllrich'];VolkerUllrich
682;682;Alexander Ulrich; Die Linke;[];NA
683;683;Dr. Julia Verlinden; Bündnis 90/Die Grünen;['http://www.twitter.com/julia_verlinden'];julia_verlinden
684;684;Kerstin Vieregge; CDU/CSU;['https://twitter.com/Kerstin_4egge'];Kerstin_4egge
685;685;Marja-Liisa Völlers; SPD;['https://twitter.com/marjavoellers'];marjavoellers
686;686;Dirk Vöpel; SPD;[];NA
687;687;Johannes Vogel; FDP;['https://twitter.com/johannesvogel'];johannesvogel
688;688;Kathrin Vogler; Die Linke;['https://twitter.com/voglerk'];voglerk
689;689;Dr. Oliver Vogt; CDU/CSU;[];NA
690;690;Christoph de Vries; CDU/CSU;[];NA
691;691;Dr. Johann David Wadephul; CDU/CSU;['https://twitter.com/jowadephul'];jowadephul
692;692;Niklas Wagener; Bündnis 90/Die Grünen;['https://twitter.com/wagenerniklas'];wagenerniklas
693;693;Robin Wagener; Bündnis 90/Die Grünen;['https://twitter.com/robinwagener'];robinwagener
694;694;Dr. Sahra Wagenknecht; Die Linke;['https://twitter.com/SWagenknecht'];SWagenknecht
695;695;Dr. Carolin Wagner; SPD;[];NA
696;696;Johannes Wagner; Bündnis 90/Die Grünen;['https://twitter.com/yooHannes'];yooHannes
697;697;Maja Wallstein; SPD;['https://twitter.com/krawallstein'];krawallstein
698;698;Hannes Walter; SPD;['https://twitter.com/HannesWalterSPD'];HannesWalterSPD
699;699;Beate Walter-Rosenheimer; Bündnis 90/Die Grünen;['http://twitter.com/BeateWaRo'];BeateWaRo
700;700;Marco Wanderwitz; CDU/CSU;['https://twitter.com/wanderwitz'];wanderwitz
701;701;Nina Warken; CDU/CSU;['https://twitter.com/ninawarken?lang=de'];ninawarken
702;702;Sandra Weeser; FDP;['https://twitter.com/sandra_weeser'];sandra_weeser
703;703;Carmen Wegge; SPD;['https://www.twitter.com/CarmenWegge'];CarmenWegge
704;704;Melanie Wegling; SPD;[];NA
705;705;Dr. Alice Weidel; AfD;['https://twitter.com/Alice_Weidel'];Alice_Weidel
706;706;Dr. Joe Weingarten; SPD;['https://twitter.com/drjoeweingarten'];drjoeweingarten
707;707;Dr. Anja Weisgerber; CDU/CSU;['https://twitter.com/anjaweisgerber'];anjaweisgerber
708;708;Saskia Weishaupt; Bündnis 90/Die Grünen;['https://twitter.com/SaskiaLeaRaquel'];SaskiaLeaRaquel
709;709;Maria-Lena Weiss; CDU/CSU;[];NA
710;710;Sabine Weiss (Wesel I); CDU/CSU;[];NA
711;711;Stefan Wenzel; Bündnis 90/Die Grünen;['https://twitter.com/stefwenzel'];stefwenzel
712;712;Lena Werner; SPD;['https://twitter.com/thereallenzii?s=09'];thereallenzii
713;713;Nicole Westig; FDP;['https://twitter.com/nicolewestig?lang=de'];nicolewestig
714;714;Bernd Westphal; SPD;['https://twitter.com/BerndWestphal4'];BerndWestphal4
715;715;Prof. Dr. Harald Weyel; AfD;['https://twitter.com/h_weyel?lang=de'];h_weyel
716;716;Kai Whittaker; CDU/CSU;['https://twitter.com/kai_whittaker'];kai_whittaker
717;717;Annette Widmann-Mauz; CDU/CSU;['https://twitter.com/awidmannmauz?lang=de'];awidmannmauz
718;718;Wolfgang Wiehle; AfD;['https://twitter.com/wolfgangwiehle?lang=de'];wolfgangwiehle
719;719;Dr. Klaus Wiener; CDU/CSU;['https://twitter.com/KlausWiener'];KlausWiener
720;720;Dirk Wiese; SPD;['https://twitter.com/dirkwiesespd/'];dirkwiesespd
721;721;Klaus-Peter Willsch; CDU/CSU;[];NA
722;722;Elisabeth Winkelmeier-Becker; CDU/CSU;[];NA
723;723;Tobias Winkler; CDU/CSU;[];NA
724;724;Tina Winklmann; Bündnis 90/Die Grünen;['https://twitter.com/@TinaWinklmann'];@TinaWinklmann
725;725;Dr. Christian Wirth; AfD;['http://twitter.com/ChrWirthMdB'];ChrWirthMdB
726;726;Dr. Volker Wissing; FDP;['https://twitter.com/Wissing'];Wissing
727;727;Janine Wissler; Die Linke;[];NA
728;728;Uwe Witt; fraktionslos;['https://twitter.com/witt_uwe?lang=de'];witt_uwe
729;729;Mechthilde Wittmann; CDU/CSU;[];NA
730;730;Dr. Herbert Wollmann; SPD;[];NA
731;731;Mareike Lotte Wulf; CDU/CSU;['https://twitter.com/MareikeWulf'];MareikeWulf
732;732;Joachim Wundrak; AfD;['https://twitter.com/joachimwundrak'];joachimwundrak
733;733;Gülistan Yüksel; SPD;[];NA
734;734;Emmi Zeulner; CDU/CSU;[];NA
735;735;Kay-Uwe Ziegler; AfD;['https://twitter.com/KayUweZiegler71'];KayUweZiegler71
736;736;Paul Ziemiak; CDU/CSU;['https://twitter.com/PaulZiemiak'];PaulZiemiak
737;737;Stefan Zierke; SPD;['http://twitter.com/zierke'];zierke
738;738;Dr. Jens Zimmermann; SPD;['https://twitter.com/jenszspd'];jenszspd
739;739;Nicolas Zippelius; CDU/CSU;['https://twitter.com/nzippelius?lang=de'];nzippelius
